{
  "max_area_or_volume_proxy": 0.00854701641947031,
  "mean_icn": 0.9359999895095825,
  "mean_ige": 1.0,
  "min_icn": 0.9359996914863586,
  "min_ige": 1.0,
  "n_elements": 117.0,
  "n_nodes": 140.0
}